Day,Month,Year,soil_moisture,Probe
1,1,2013,25.32,12699
1,1,2014,51.96979167,12699
1,2,2014,70.62631944,12699
1,3,2014,66.50847222,12699
1,4,2013,33.47333333,12699
1,4,2014,66.16506944,12699
1,5,2013,58.71305556,12699
1,5,2014,58.43083333,12699
1,6,2013,55.54,12699
1,7,2013,53.9327,12699
1,8,2013,52.64965278,12699
1,9,2013,52.08881944,12699
1,10,2013,27.85736111,12699
1,11,2012,25.32319444,12699
1,11,2013,27.63715278,12699
1,12,2012,25.3008,12699
2,1,2014,51.98319444,12699
2,2,2014,69.2425,12699
2,3,2014,66.45180556,12699
2,4,2013,33.27409722,12699
2,4,2014,65.51993056,12699
2,5,2013,58.60854167,12699
2,5,2014,58.33527778,12699
2,6,2013,55.43076389,12699
2,7,2013,53.87229167,12699
2,8,2013,52.62118056,12699
2,9,2013,52.060625,12699
2,10,2013,27.83361111,12699
2,11,2012,25.31493056,12699
2,11,2013,27.63236111,12699
2,12,2012,25.30180556,12699
3,1,2014,52.01409722,12699
3,2,2014,71.41673611,12699
3,3,2014,68.36402778,12699
3,4,2013,33.03729167,12699
3,4,2014,64.84805556,12699
3,5,2013,58.50465278,12699
3,5,2014,58.22493056,12699
3,6,2013,55.33868056,12699
3,7,2013,53.81041667,12699
3,8,2013,52.58819444,12699
3,9,2013,52.04013889,12699
3,10,2013,27.81722222,12699
3,11,2012,25.31236111,12699
3,11,2013,27.63493056,12699
3,12,2012,25.30194444,12699
4,1,2014,52.01069444,12699
4,2,2014,70.79638889,12699
4,3,2014,70.2325,12699
4,4,2013,34.34611111,12699
4,4,2014,64.669375,12699
4,5,2013,58.36076389,12699
4,5,2014,58.12305556,12699
4,6,2013,55.26326389,12699
4,7,2013,53.79152778,12699
4,8,2013,52.57958333,12699
4,9,2013,52.03034722,12699
4,10,2013,27.80645833,12699
4,11,2012,25.31805556,12699
4,11,2013,27.62784722,12699
4,12,2012,25.29263889,12699
5,1,2014,52.02604167,12699
5,2,2014,70.19486111,12699
5,3,2014,70.56583333,12699
5,4,2013,34.2275,12699
5,4,2014,64.66930556,12699
5,5,2013,58.26868056,12699
5,5,2014,58.02319444,12699
5,6,2013,55.19736111,12699
5,7,2013,53.77756944,12699
5,8,2013,52.55479167,12699
5,9,2013,52.01534722,12699
5,10,2013,27.80284722,12699
5,11,2012,25.32854167,12699
5,11,2013,27.61430556,12699
5,12,2012,25.29048611,12699
6,1,2014,56.73555556,12699
6,2,2014,69.60930556,12699
6,3,2014,72.32243056,12699
6,4,2013,33.78298611,12699
6,4,2014,64.24048611,12699
6,5,2013,58.13625,12699
6,5,2014,58.06173611,12699
6,6,2013,55.20375,12699
6,7,2013,53.72965278,12699
6,8,2013,52.52576389,12699
6,9,2013,51.981875,12699
6,10,2013,27.80006944,12699
6,11,2012,25.34506944,12699
6,11,2013,27.60430556,12699
6,12,2012,25.27659722,12699
7,1,2014,63.67173611,12699
7,2,2014,69.57166667,12699
7,3,2014,71.26340278,12699
7,4,2013,33.4425,12699
7,4,2014,63.76493056,12699
7,5,2013,58.04236111,12699
7,5,2014,57.87493056,12699
7,6,2013,55.15090278,12699
7,7,2013,53.68,12699
7,8,2013,52.50694444,12699
7,9,2013,51.97451389,12699
7,10,2013,27.79694444,12699
7,11,2012,25.35930556,12699
7,11,2013,27.59743056,12699
7,12,2012,25.27840278,12699
8,1,2014,62.37576389,12699
8,2,2014,71.23694444,12699
8,3,2014,70.78590278,12699
8,4,2013,33.14090278,12699
8,4,2014,63.64916667,12699
8,5,2013,57.95131944,12699
8,5,2014,57.754375,12699
8,6,2013,55.07097222,12699
8,7,2013,53.65319444,12699
8,8,2013,52.50541667,12699
8,9,2013,51.94520833,12699
8,10,2012,26.05769231,12699
8,10,2013,27.79347222,12699
8,11,2012,25.36444444,12699
8,11,2013,27.59854167,12699
8,12,2012,25.27340278,12699
9,1,2014,61.78083333,12699
9,2,2014,70.32715278,12699
9,3,2014,72.149375,12699
9,4,2013,32.89708333,12699
9,4,2014,63.32208333,12699
9,5,2013,57.86625,12699
9,5,2014,57.66555556,12699
9,6,2013,54.99145833,12699
9,7,2013,53.60743056,12699
9,8,2013,52.51090278,12699
9,9,2013,51.94208333,12699
9,10,2012,26.04145833,12699
9,10,2013,27.78916667,12699
9,11,2012,25.3675,12699
9,11,2013,27.61861111,12699
9,12,2012,25.274375,12699
10,1,2014,60.79486111,12699
10,2,2014,69.846875,12699
10,3,2014,71.67902778,12699
10,4,2013,32.68146667,12699
10,4,2014,63.02166667,12699
10,5,2013,57.80034722,12699
10,5,2014,57.59277778,12699
10,6,2013,54.916875,12699
10,7,2013,53.57541667,12699
10,8,2013,52.51034722,12699
10,9,2013,51.94263889,12699
10,10,2012,26.01486111,12699
10,10,2013,27.77104167,12699
10,11,2012,25.355,12699
10,11,2013,27.629375,12699
10,12,2012,25.27847222,12699
11,1,2014,60.18229167,12699
11,2,2014,69.42138889,12699
11,3,2013,35.88078431,12699
11,3,2014,71.62840278,12699
11,4,2013,32.59340278,12699
11,4,2014,62.86715278,12699
11,5,2013,57.72590278,12699
11,5,2014,57.531875,12699
11,6,2013,54.841875,12699
11,7,2013,53.53916667,12699
11,8,2013,52.48368056,12699
11,9,2013,51.91416667,12699
11,10,2012,25.97597222,12699
11,10,2013,27.75576389,12699
11,11,2012,25.32875,12699
11,11,2013,27.63319444,12699
11,12,2012,25.28319444,12699
12,1,2014,59.82576389,12699
12,2,2014,69.06069444,12699
12,3,2013,35.80333333,12699
12,3,2014,71.53590278,12699
12,4,2013,32.53277778,12699
12,4,2014,62.72652778,12699
12,5,2013,57.65076389,12699
12,5,2014,57.42215278,12699
12,6,2013,54.78027778,12699
12,7,2013,53.50201389,12699
12,8,2013,52.47256944,12699
12,9,2013,51.90756944,12699
12,10,2012,25.93611111,12699
12,10,2013,27.75354167,12699
12,11,2012,25.31972222,12699
12,11,2013,27.64527778,12699
12,12,2012,25.26486111,12699
13,1,2014,58.96909722,12699
13,2,2014,68.715,12699
13,3,2013,35.69819444,12699
13,3,2014,71.33347222,12699
13,4,2013,32.41895833,12699
13,4,2014,62.53666667,12699
13,5,2013,57.55569444,12699
13,5,2014,57.32673611,12699
13,6,2013,54.72965278,12699
13,7,2013,53.43451389,12699
13,8,2013,52.42972222,12699
13,9,2013,51.88340278,12699
13,10,2012,25.88569444,12699
13,10,2013,27.74854167,12699
13,11,2012,25.308125,12699
13,11,2013,27.64118056,12699
13,12,2012,25.253125,12699
14,1,2014,58.48118056,12699
14,2,2014,70.4575,12699
14,3,2013,35.60986111,12699
14,3,2014,71.11701389,12699
14,4,2013,32.26888889,12699
14,4,2014,62.18041667,12699
14,5,2013,57.42979167,12699
14,5,2014,57.27402778,12699
14,6,2013,54.67715278,12699
14,7,2013,53.38708333,12699
14,8,2013,52.39347222,12699
14,9,2013,51.87979167,12699
14,10,2012,25.83486111,12699
14,10,2013,27.74791667,12699
14,11,2012,25.30784722,12699
14,11,2013,27.63215278,12699
14,12,2012,25.23048611,12699
15,1,2014,58.06708333,12699
15,2,2014,70.66569444,12699
15,3,2013,35.51520833,12699
15,3,2014,70.94784722,12699
15,4,2013,32.05708333,12699
15,4,2014,61.79694444,12699
15,5,2013,57.30298611,12699
15,5,2014,57.20472222,12699
15,6,2013,54.62069444,12699
15,7,2013,53.34729167,12699
15,8,2013,52.38736111,12699
15,9,2013,51.87402778,12699
15,10,2012,25.78472222,12699
15,10,2013,27.75354167,12699
15,11,2012,25.30638889,12699
15,11,2013,27.62923611,12699
15,12,2012,25.21770833,12699
16,1,2014,57.36965278,12699
16,2,2014,70.06083333,12699
16,3,2013,35.41604167,12699
16,3,2014,70.80173611,12699
16,4,2013,31.85916667,12699
16,4,2014,61.86861111,12699
16,5,2013,57.17027778,12699
16,5,2014,57.1275,12699
16,6,2013,54.60763889,12699
16,7,2013,53.28840278,12699
16,8,2013,52.34541667,12699
16,9,2013,51.86076389,12699
16,10,2012,25.74680556,12699
16,10,2013,27.73784722,12699
16,11,2012,25.31965278,12699
16,11,2013,27.62368056,12699
16,12,2012,25.22166667,12699
17,1,2014,56.78208333,12699
17,2,2014,69.66041667,12699
17,3,2013,35.30916667,12699
17,3,2014,70.68270833,12699
17,4,2013,31.66966667,12699
17,4,2014,61.46541667,12699
17,5,2013,57.01479167,12699
17,5,2014,57.06194444,12699
17,6,2013,54.53611111,12699
17,7,2013,53.24722222,12699
17,8,2013,52.32416667,12699
17,9,2013,51.83347222,12699
17,10,2012,25.70354167,12699
17,10,2013,27.72194444,12699
17,11,2012,25.33263889,12699
17,11,2013,27.63333333,12699
17,12,2012,25.22368056,12699
18,1,2014,56.29958333,12699
18,2,2014,69.37472222,12699
18,3,2013,35.18263889,12699
18,3,2014,70.67131944,12699
18,4,2013,31.46090278,12699
18,4,2014,61.08715278,12699
18,5,2013,56.94868056,12699
18,5,2014,57.04993056,12699
18,6,2013,54.51305556,12699
18,7,2013,53.25652778,12699
18,8,2013,52.30291667,12699
18,9,2013,51.80347222,12699
18,10,2012,25.689375,12699
18,10,2013,27.71979167,12699
18,11,2012,25.33034722,12699
18,11,2013,27.63430556,12699
18,12,2012,25.23458333,12699
19,1,2014,55.93895833,12699
19,2,2014,69.13604167,12699
19,3,2013,35.06527778,12699
19,3,2014,70.474375,12699
19,4,2013,31.30854167,12699
19,4,2014,60.75930556,12699
19,5,2013,56.87541667,12699
19,5,2014,56.90604167,12699
19,6,2013,54.43666667,12699
19,7,2013,53.23347222,12699
19,8,2013,52.31368056,12699
19,9,2013,51.80291667,12699
19,10,2012,25.661875,12699
19,10,2013,27.718125,12699
19,11,2012,25.35361111,12699
19,11,2013,27.63458333,12699
19,12,2012,25.24763889,12699
20,1,2014,55.60458333,12699
20,2,2014,68.879375,12699
20,3,2013,34.9825,12699
20,3,2014,70.34340278,12699
20,4,2013,31.90666667,12699
20,4,2014,60.45916667,12699
20,5,2013,56.74777778,12699
20,5,2014,56.793125,12699
20,6,2013,54.38569444,12699
20,7,2013,53.19013889,12699
20,8,2013,52.26645833,12699
20,9,2013,51.79611111,12699
20,10,2012,25.62986111,12699
20,10,2013,27.72798611,12699
20,11,2012,25.36673611,12699
20,11,2013,27.63048611,12699
20,12,2012,25.25819444,12699
21,1,2014,55.30916667,12699
21,2,2014,68.634375,12699
21,3,2013,34.95673611,12699
21,3,2014,70.15229167,12699
21,4,2013,32.43493056,12699
21,4,2014,60.17819444,12699
21,5,2013,56.59180556,12699
21,5,2014,56.758125,12699
21,6,2013,54.34291667,12699
21,7,2013,53.17125,12699
21,8,2013,52.22770833,12699
21,9,2013,51.75708333,12699
21,10,2012,25.61006944,12699
21,10,2013,27.72534722,12699
21,11,2012,25.37881944,12699
21,11,2013,27.79041667,12699
21,12,2012,25.26472222,12699
22,1,2014,55.06041667,12699
22,2,2014,68.44215278,12699
22,3,2013,34.9225,12699
22,3,2014,69.91159722,12699
22,4,2013,31.88381944,12699
22,4,2014,59.91444444,12699
22,5,2013,56.44520833,12699
22,5,2014,56.75125,12699
22,6,2013,54.29541667,12699
22,7,2013,53.11173611,12699
22,8,2013,52.22597222,12699
22,9,2013,51.62131944,12699
22,10,2012,25.59340278,12699
22,10,2013,27.69736111,12699
22,11,2012,25.37840278,12699
22,11,2013,28.35833333,12699
22,12,2012,25.27472222,12699
23,1,2014,54.90229167,12699
23,2,2014,68.21263889,12699
23,3,2013,34.82805556,12699
23,3,2014,69.61993056,12699
23,4,2013,31.62583333,12699
23,4,2014,59.65979167,12699
23,5,2013,56.32097222,12699
23,5,2014,56.680625,12699
23,6,2013,54.28055556,12699
23,7,2013,53.03881944,12699
23,8,2013,52.21958333,12699
23,9,2013,51.53458333,12699
23,10,2012,25.54159722,12699
23,10,2013,27.67888889,12699
23,11,2012,25.40020833,12699
23,11,2013,28.49770833,12699
23,12,2012,25.28590278,12699
24,1,2014,54.70583333,12699
24,2,2014,68.020625,12699
24,3,2013,34.70368056,12699
24,3,2014,69.33097222,12699
24,4,2013,31.52263889,12699
24,4,2014,59.55861111,12699
24,5,2013,56.19263889,12699
24,5,2014,56.59520833,12699
24,6,2013,54.22625,12699
24,7,2013,52.97833333,12699
24,8,2013,52.17159722,12699
24,9,2013,51.52055556,12699
24,10,2012,25.51486111,12699
24,10,2013,27.65680556,12699
24,11,2012,25.40256944,12699
24,11,2013,28.49034722,12699
24,12,2012,25.29923611,12699
25,1,2014,54.55555556,12699
25,2,2014,67.76875,12699
25,3,2013,34.57416667,12699
25,3,2014,68.98534722,12699
25,4,2013,59.07986667,12699
25,4,2014,59.38229167,12699
25,5,2013,56.08659722,12699
25,5,2014,56.52548611,12699
25,6,2013,54.18680556,12699
25,7,2013,52.95951389,12699
25,8,2013,52.1875,12699
25,9,2013,51.54826389,12699
25,10,2012,25.46888889,12699
25,10,2013,27.64104167,12699
25,11,2012,25.39027778,12699
25,11,2013,28.50090278,12699
25,12,2012,25.31590278,12699
26,1,2014,54.58805556,12699
26,2,2014,67.66465278,12699
26,3,2013,34.44722222,12699
26,3,2014,68.64736111,12699
26,4,2013,58.99182244,12699
26,4,2014,59.24868056,12699
26,5,2013,56.00923611,12699
26,5,2014,56.465625,12699
26,6,2013,54.15013889,12699
26,7,2013,52.90756944,12699
26,8,2013,52.18444444,12699
26,9,2013,51.56381944,12699
26,10,2012,25.42798611,12699
26,10,2013,27.63027778,12699
26,11,2012,25.38027778,12699
26,11,2013,28.45423611,12699
26,12,2012,25.31875,12699
27,1,2014,55.52569444,12699
27,2,2014,67.37138889,12699
27,3,2013,34.333125,12699
27,3,2014,68.245625,12699
27,4,2013,58.89527778,12699
27,4,2014,59.07805556,12699
27,5,2013,55.92680556,12699
27,5,2014,56.38673611,12699
27,6,2013,54.11333333,12699
27,7,2013,52.85104167,12699
27,8,2013,52.14888889,12699
27,9,2013,51.55131944,12699
27,10,2012,25.39,12699
27,10,2013,27.62493056,12699
27,11,2012,25.36763889,12699
27,11,2013,28.398125,12699
27,12,2012,25.32833333,12699
28,1,2014,61.97,12699
28,2,2014,66.96144928,12699
28,3,2013,34.18833333,12699
28,3,2014,67.91569444,12699
28,4,2013,58.85409722,12699
28,4,2014,58.85576389,12699
28,5,2013,55.83965278,12699
28,5,2014,56.30673611,12699
28,6,2013,54.09298611,12699
28,7,2013,52.79458333,12699
28,8,2013,52.13152778,12699
28,9,2013,51.53652778,12699
28,10,2012,25.36194444,12699
28,10,2013,27.628125,12699
28,11,2012,25.33826389,12699
28,11,2013,28.40307692,12699
28,12,2012,25.33055556,12699
29,1,2014,62.90777778,12699
29,3,2013,34.05020833,12699
29,3,2014,67.58930556,12699
29,4,2013,58.82208333,12699
29,4,2014,58.71388889,12699
29,5,2013,55.79965278,12699
29,5,2014,56.22861111,12699
29,6,2013,54.05333333,12699
29,7,2013,52.78673611,12699
29,8,2013,52.14229167,12699
29,9,2013,51.44472222,12699
29,10,2012,25.35486111,12699
29,10,2013,27.63451389,12699
29,11,2012,25.33291667,12699
29,12,2012,25.32590278,12699
30,1,2014,63.49868056,12699
30,3,2013,33.87416667,12699
30,3,2014,67.11861111,12699
30,4,2013,58.78229167,12699
30,4,2014,58.56246377,12699
30,5,2013,55.70666667,12699
30,5,2014,56.16590278,12699
30,6,2013,53.98583333,12699
30,7,2013,52.74597222,12699
30,8,2013,52.15784722,12699
30,9,2013,51.29041667,12699
30,10,2012,25.34881944,12699
30,10,2013,27.64277778,12699
30,11,2012,25.3175,12699
30,12,2012,25.32479167,12699
31,1,2014,70.89862319,12699
31,3,2013,33.66645833,12699
31,3,2014,66.73355072,12699
31,5,2013,55.60402778,12699
31,5,2014,56.1484058,12699
31,7,2013,52.67471014,12699
31,8,2013,52.16189485,12699
31,10,2012,25.32979167,12699
31,10,2013,27.64076389,12699
31,12,2012,25.32833333,12699
1,1,2013,41.96465278,20916
1,1,2014,77.77715278,20916
1,2,2013,28.92486111,20916
1,2,2014,84.68638889,20916
1,3,2013,44.00460938,20916
1,4,2013,43.92701389,20916
1,5,2013,68.90824972,20916
1,6,2013,76.476875,20916
1,7,2013,74.92208333,20916
1,8,2013,73.61888889,20916
1,9,2013,41.51583333,20916
1,10,2012,40.95298611,20916
1,10,2013,72.43965278,20916
1,11,2012,41.28354167,20916
1,11,2013,73.07023076,20916
1,12,2012,41.64694444,20916
1,12,2013,66.42166667,20916
2,1,2013,41.96083333,20916
2,1,2014,77.73895833,20916
2,2,2013,28.99430556,20916
2,2,2014,83.91722222,20916
2,3,2013,43.8864881,20916
2,4,2013,43.92097222,20916
2,5,2013,68.88770833,20916
2,6,2013,76.41715278,20916
2,7,2013,74.85652778,20916
2,8,2013,73.59034722,20916
2,9,2013,41.50555556,20916
2,10,2012,40.99229167,20916
2,10,2013,72.41870952,20916
2,11,2012,41.29055556,20916
2,11,2013,73.57074027,20916
2,12,2012,41.65854167,20916
2,12,2013,66.43833333,20916
3,1,2013,41.98194444,20916
3,1,2014,77.66152778,20916
3,2,2013,29.05145833,20916
3,2,2014,84.579375,20916
3,3,2013,29.69611111,20916
3,4,2013,43.898125,20916
3,5,2013,77.37252183,20916
3,6,2013,76.34875,20916
3,7,2013,74.77854167,20916
3,8,2013,73.54534722,20916
3,9,2013,41.51541667,20916
3,10,2012,41.02555556,20916
3,10,2013,72.30430857,20916
3,11,2012,41.30256944,20916
3,11,2013,74.57241667,20916
3,12,2012,41.669375,20916
3,12,2013,77.50326389,20916
4,1,2013,41.97694444,20916
4,1,2014,81.67680556,20916
4,2,2013,29.09826389,20916
4,2,2014,84.27965278,20916
4,3,2013,29.69805556,20916
4,4,2013,43.87152778,20916
4,5,2013,77.38118056,20916
4,6,2013,76.29777778,20916
4,7,2013,74.74555556,20916
4,8,2013,73.54368056,20916
4,9,2013,41.49083333,20916
4,10,2012,41.05930556,20916
4,10,2013,72.2975,20916
4,11,2012,41.31854167,20916
4,11,2013,74.1948601,20916
4,12,2012,41.66256944,20916
4,12,2013,78.47878472,20916
5,1,2013,41.95958333,20916
5,1,2014,88.24729167,20916
5,2,2013,29.13222222,20916
5,2,2014,83.79298611,20916
5,3,2013,29.70347222,20916
5,4,2013,43.88590278,20916
5,5,2013,77.38305556,20916
5,6,2013,76.29076389,20916
5,7,2013,74.71215278,20916
5,8,2013,73.5225,20916
5,9,2013,41.48763889,20916
5,10,2012,41.09041667,20916
5,10,2013,72.32520833,20916
5,11,2012,41.33166667,20916
5,11,2013,72.3877421,20916
5,12,2012,41.66972222,20916
5,12,2013,79.36333333,20916
6,1,2013,41.97034722,20916
6,1,2014,85.72895833,20916
6,2,2013,29.18756944,20916
6,2,2014,83.67,20916
6,3,2013,29.70305556,20916
6,4,2013,43.87611111,20916
6,5,2013,77.32666667,20916
6,6,2013,76.26736111,20916
6,7,2013,74.64631944,20916
6,8,2013,73.46902778,20916
6,9,2013,41.49388889,20916
6,10,2012,41.12840278,20916
6,10,2013,72.38333333,20916
6,11,2012,41.34111111,20916
6,11,2013,72.81750267,20916
6,12,2012,41.66534722,20916
6,12,2013,79.36333333,20916
7,1,2013,41.96895833,20916
7,1,2014,84.52618056,20916
7,2,2013,29.23590278,20916
7,2,2014,85.21576389,20916
7,3,2013,29.69972222,20916
7,4,2013,43.85625,20916
7,5,2013,77.28798611,20916
7,6,2013,76.19416667,20916
7,7,2013,74.60180556,20916
7,8,2013,73.443125,20916
7,9,2013,41.4675,20916
7,10,2012,41.16375,20916
7,10,2013,72.17743056,20916
7,11,2012,41.350625,20916
7,11,2013,71.89118714,20916
7,12,2012,41.67993056,20916
8,1,2013,41.96,20916
8,1,2014,82.49558333,20916
8,2,2013,29.27027778,20916
8,2,2014,85.35576389,20916
8,3,2013,29.70055556,20916
8,4,2013,43.83805556,20916
8,5,2013,77.23208333,20916
8,6,2013,76.13986111,20916
8,7,2013,74.58631944,20916
8,8,2013,73.44652778,20916
8,9,2013,41.44784722,20916
8,10,2012,41.18923611,20916
8,10,2013,72.04368056,20916
8,11,2012,41.35840278,20916
8,11,2013,73.43042299,20916
8,12,2012,41.68388889,20916
8,12,2013,80.18930501,20916
9,1,2013,41.97277778,20916
9,2,2013,29.30347222,20916
9,2,2014,84.80833333,20916
9,3,2013,29.69638889,20916
9,4,2013,43.82659722,20916
9,5,2013,77.18861111,20916
9,6,2013,76.08645833,20916
9,7,2013,74.565,20916
9,8,2013,73.45465278,20916
9,9,2013,41.44798611,20916
9,10,2012,41.22243056,20916
9,10,2013,72.08,20916
9,11,2012,41.37333333,20916
9,11,2013,72.43978511,20916
9,12,2012,41.69020833,20916
9,12,2013,55.61,20916
10,1,2013,41.98569444,20916
10,1,2014,80.20924242,20916
10,2,2013,29.33416667,20916
10,2,2014,84.26909722,20916
10,3,2013,29.703125,20916
10,4,2013,43.82014493,20916
10,5,2013,77.17659722,20916
10,6,2013,76.02041667,20916
10,7,2013,74.53694444,20916
10,8,2013,73.38055556,20916
10,9,2013,41.43361111,20916
10,10,2012,41.24979167,20916
10,10,2013,72.16187802,20916
10,11,2012,41.38159722,20916
10,11,2013,73.00595608,20916
10,12,2012,41.70159722,20916
10,12,2013,40.04666667,20916
11,1,2013,41.98895833,20916
11,1,2014,79.81284722,20916
11,2,2013,29.37041667,20916
11,2,2014,84.05784722,20916
11,3,2013,29.718125,20916
11,4,2013,43.80215278,20916
11,5,2013,77.20666667,20916
11,6,2013,75.98118056,20916
11,7,2013,74.48243056,20916
11,8,2013,73.36104167,20916
11,9,2013,41.43402778,20916
11,10,2012,41.25958333,20916
11,10,2013,72.16611111,20916
11,11,2012,41.37243056,20916
11,11,2013,72.00221467,20916
11,12,2012,41.71416667,20916
11,12,2013,79.06705815,20916
12,1,2013,42.00423611,20916
12,1,2014,79.69493056,20916
12,2,2013,29.40006944,20916
12,2,2014,83.95583333,20916
12,3,2013,29.73256944,20916
12,4,2013,43.80173611,20916
12,5,2013,77.20875,20916
12,6,2013,75.88659722,20916
12,7,2013,74.42673611,20916
12,8,2013,73.36118056,20916
12,9,2012,40.25205128,20916
12,9,2013,41.41416667,20916
12,10,2012,41.27125,20916
12,10,2013,72.35462862,20916
12,11,2012,41.37993056,20916
12,11,2013,71.8803038,20916
12,12,2012,41.71152778,20916
12,12,2013,79.32212121,20916
13,1,2013,42.008125,20916
13,1,2014,79.79222222,20916
13,2,2013,29.43111111,20916
13,3,2013,29.73048611,20916
13,4,2013,43.79368056,20916
13,5,2013,77.18569444,20916
13,6,2013,75.84395833,20916
13,7,2013,74.35583725,20916
13,8,2013,73.33201389,20916
13,9,2012,40.28666667,20916
13,9,2013,41.43888889,20916
13,10,2012,41.27402778,20916
13,10,2013,72.01923611,20916
13,11,2012,41.38840278,20916
13,11,2013,71.91239898,20916
13,12,2012,41.71930556,20916
13,12,2013,79.38,20916
14,1,2013,42.00534722,20916
14,1,2014,79.93611111,20916
14,2,2013,29.46236111,20916
14,3,2013,43.96301136,20916
14,4,2013,43.79354167,20916
14,5,2013,77.13256944,20916
14,6,2013,75.80414303,20916
14,7,2013,74.32375,20916
14,8,2013,73.30340278,20916
14,9,2012,40.32291667,20916
14,9,2013,41.43763889,20916
14,10,2012,41.27694444,20916
14,10,2013,71.84875,20916
14,11,2012,41.39888889,20916
14,11,2013,72.53937591,20916
14,12,2012,41.71319444,20916
14,12,2013,78.94304073,20916
15,1,2013,45.49277778,20916
15,1,2014,80.018125,20916
15,2,2013,29.48951389,20916
15,3,2013,43.95076389,20916
15,4,2013,43.78451389,20916
15,5,2013,77.10486111,20916
15,6,2013,75.72979167,20916
15,7,2013,74.30201389,20916
15,8,2013,73.28805556,20916
15,9,2012,40.36541667,20916
15,9,2013,41.43930556,20916
15,10,2012,41.27444444,20916
15,10,2013,71.92854167,20916
15,11,2012,41.41354167,20916
15,11,2013,72.78628818,20916
15,12,2012,41.70854167,20916
15,12,2013,78.91166667,20916
16,1,2013,45.55743056,20916
16,1,2014,80.095625,20916
16,2,2013,29.50916667,20916
16,3,2013,43.94,20916
16,4,2013,43.77611111,20916
16,5,2013,77.08590278,20916
16,6,2013,75.67993056,20916
16,7,2013,74.224375,20916
16,8,2013,73.24881944,20916
16,9,2012,40.39506944,20916
16,9,2013,41.44201389,20916
16,10,2012,41.27506944,20916
16,10,2013,72.40936115,20916
16,11,2012,41.44125,20916
16,11,2013,71.80783364,20916
16,12,2012,41.716875,20916
17,1,2013,44.74861111,20916
17,1,2014,80.08583333,20916
17,2,2013,29.53645833,20916
17,3,2013,43.93930556,20916
17,4,2013,43.77375,20916
17,5,2013,77.0764273,20916
17,6,2013,75.62479167,20916
17,7,2013,74.183125,20916
17,8,2013,73.21888889,20916
17,9,2012,40.41729167,20916
17,9,2013,41.39756944,20916
17,10,2012,41.26465278,20916
17,10,2013,72.15317158,20916
17,11,2012,41.46229167,20916
17,11,2013,72.62635793,20916
17,12,2012,41.72013889,20916
18,1,2013,44.39604167,20916
18,1,2014,80.00152778,20916
18,2,2013,29.56201389,20916
18,3,2013,43.93680556,20916
18,4,2013,43.77208333,20916
18,5,2013,77.05569444,20916
18,6,2013,75.59418094,20916
18,7,2013,74.20041667,20916
18,8,2013,73.20777778,20916
18,9,2012,40.44034722,20916
18,9,2013,41.39916667,20916
18,10,2012,41.288125,20916
18,10,2013,71.92708333,20916
18,11,2012,41.47805556,20916
18,11,2013,77.21710648,20916
18,12,2012,41.7425,20916
19,1,2013,29.50972222,20916
19,1,2014,79.89756944,20916
19,2,2013,29.58097222,20916
19,3,2013,43.95631944,20916
19,4,2013,43.76798611,20916
19,5,2013,76.99715278,20916
19,6,2013,75.50159722,20916
19,7,2013,74.17027175,20916
19,8,2013,73.21069444,20916
19,9,2012,40.46895833,20916
19,9,2013,41.40416667,20916
19,10,2012,41.29159722,20916
19,10,2013,72.52782639,20916
19,11,2012,41.51555556,20916
19,11,2013,73.61247545,20916
19,12,2012,41.76930556,20916
20,1,2013,28.10638889,20916
20,1,2014,79.84895833,20916
20,2,2013,29.59180556,20916
20,3,2013,43.94763889,20916
20,4,2013,43.74888889,20916
20,5,2013,76.93916667,20916
20,6,2013,75.45230201,20916
20,7,2013,74.10715278,20916
20,8,2013,73.15125,20916
20,9,2012,40.49833333,20916
20,9,2013,41.39805556,20916
20,10,2012,41.29125,20916
20,10,2013,72.69245437,20916
20,11,2012,41.54013889,20916
20,11,2013,71.40529536,20916
20,12,2012,41.78444444,20916
21,1,2013,27.97006944,20916
21,1,2014,79.75493056,20916
21,2,2013,29.60083333,20916
21,3,2013,43.96125,20916
21,4,2013,43.75520833,20916
21,5,2013,76.88131944,20916
21,6,2013,75.415,20916
21,7,2013,74.11458333,20916
21,8,2013,73.11631944,20916
21,9,2012,40.54569444,20916
21,9,2013,41.36020833,20916
21,10,2012,41.30548611,20916
21,10,2013,72.21350658,20916
21,11,2012,41.56402778,20916
21,11,2013,71.36666667,20916
21,12,2012,41.79416667,20916
22,1,2013,28.07805556,20916
22,1,2014,79.61756944,20916
22,2,2013,29.62555556,20916
22,3,2013,43.96458333,20916
22,4,2013,43.74770833,20916
22,5,2013,76.82777778,20916
22,6,2013,75.35923611,20916
22,7,2013,74.07819444,20916
22,8,2013,73.14680556,20916
22,9,2012,40.59284722,20916
22,9,2013,41.2575,20916
22,10,2012,41.32548611,20916
22,10,2013,72.30827564,20916
22,11,2012,41.58111111,20916
22,11,2013,71.36666667,20916
22,12,2012,41.81326389,20916
23,1,2013,28.18576389,20916
23,1,2014,79.49465278,20916
23,2,2013,29.64756944,20916
23,3,2013,43.96027778,20916
23,4,2013,43.73381944,20916
23,5,2013,76.78226212,20916
23,6,2013,75.323125,20916
23,7,2013,73.97118056,20916
23,8,2013,73.08152778,20916
23,9,2012,40.63118056,20916
23,9,2013,41.28993056,20916
23,10,2012,41.30479167,20916
23,10,2013,72.82236243,20916
23,11,2012,41.61916667,20916
23,11,2013,76.36821256,20916
23,12,2012,41.83034722,20916
24,1,2013,28.29027778,20916
24,1,2014,79.37159722,20916
24,2,2013,29.65,20916
24,3,2013,43.95111111,20916
24,4,2013,43.715625,20916
24,5,2013,76.73777778,20916
24,6,2013,75.27430556,20916
24,7,2013,73.92930556,20916
24,8,2013,73.07093548,20916
24,9,2012,40.68840278,20916
24,9,2013,41.31986111,20916
24,10,2012,41.30583333,20916
24,10,2013,72.42571831,20916
24,11,2012,41.63229167,20916
24,11,2013,78.84987103,20916
24,12,2012,41.84631944,20916
25,1,2013,28.385625,20916
25,1,2014,79.27298611,20916
25,2,2013,29.66513889,20916
25,3,2013,43.94875,20916
25,4,2013,68.95596154,20916
25,5,2013,76.68868056,20916
25,6,2013,75.20479167,20916
25,7,2013,73.93472222,20916
25,9,2012,40.71833333,20916
25,9,2013,41.31875,20916
25,10,2012,41.29715278,20916
25,10,2013,72.46978903,20916
25,11,2012,41.64041667,20916
25,11,2013,78.69499443,20916
25,12,2012,41.86458333,20916
26,1,2013,28.47333333,20916
26,1,2014,79.18368056,20916
26,2,2013,29.675625,20916
26,3,2013,43.94604167,20916
26,4,2013,68.96541667,20916
26,5,2013,76.648125,20916
26,6,2013,75.15194444,20916
26,7,2013,73.86173611,20916
26,9,2012,40.76368056,20916
26,9,2013,41.31159722,20916
26,10,2012,41.28569444,20916
26,10,2013,40.9160306,20916
26,11,2012,41.65125,20916
26,11,2013,78.05670743,20916
26,12,2012,41.87263889,20916
27,1,2013,28.56354167,20916
27,1,2014,79.27034722,20916
27,2,2013,29.68145833,20916
27,3,2013,43.94326389,20916
27,4,2013,68.94583333,20916
27,5,2013,76.61027778,20916
27,6,2013,75.10569444,20916
27,7,2013,73.80805556,20916
27,9,2012,40.80215278,20916
27,9,2013,41.30458333,20916
27,10,2012,41.26659722,20916
27,10,2013,40.87588294,20916
27,11,2012,41.66180556,20916
27,11,2013,78.14075204,20916
27,12,2012,41.89298611,20916
28,1,2013,28.64083333,20916
28,1,2014,85.94479167,20916
28,2,2013,29.68569444,20916
28,3,2013,43.94493056,20916
28,4,2013,68.93347222,20916
28,5,2013,76.57784722,20916
28,6,2013,75.08770833,20916
28,7,2013,73.76694444,20916
28,9,2012,40.83965278,20916
28,9,2013,41.288125,20916
28,10,2012,41.25270833,20916
28,10,2013,41.07876389,20916
28,11,2012,41.65347222,20916
28,11,2013,67.31732919,20916
28,12,2012,41.91083333,20916
29,1,2013,28.71986111,20916
29,1,2014,85.22444444,20916
29,3,2013,43.94013889,20916
29,4,2013,68.93069444,20916
29,5,2013,76.57555556,20916
29,6,2013,75.03472222,20916
29,7,2013,73.75631944,20916
29,9,2012,40.87555556,20916
29,9,2013,41.16236111,20916
29,10,2012,41.26576389,20916
29,10,2013,41.2526627,20916
29,11,2012,41.66284722,20916
29,11,2013,40.10813034,20916
29,12,2012,41.92125,20916
30,1,2013,28.79840278,20916
30,1,2014,82.96347222,20916
30,3,2013,43.94294872,20916
30,4,2013,68.92208333,20916
30,5,2013,76.51980392,20916
30,6,2013,74.97020833,20916
30,7,2013,73.67680556,20916
30,9,2012,40.91430556,20916
30,9,2013,72.23951201,20916
30,10,2012,41.27819444,20916
30,10,2013,40.88566585,20916
30,11,2012,41.65541667,20916
30,11,2013,77.40838525,20916
30,12,2012,41.93368056,20916
31,1,2013,28.86618056,20916
31,1,2014,84.0857971,20916
31,3,2013,43.93229167,20916
31,5,2013,76.48,20916
31,7,2013,73.62963768,20916
31,10,2012,41.27097222,20916
31,10,2013,40.76305921,20916
31,12,2012,41.94590278,20916
1,1,2013,29.77722222,20918
1,1,2014,66.64333333,20918
1,2,2013,20.61034722,20918
1,3,2013,20.74180556,20918
1,4,2013,30.02729167,20918
1,5,2013,64.57451389,20918
1,6,2013,61.56645833,20918
1,7,2013,60.56394231,20918
1,8,2013,59.90458333,20918
1,9,2013,60.19861111,20918
1,10,2012,32.12138889,20918
1,10,2013,60.26527778,20918
1,11,2012,30.61923611,20918
1,11,2013,60.00451389,20918
1,12,2012,30.235,20918
1,12,2013,63.44791667,20918
2,1,2013,29.77993056,20918
2,1,2014,66.64333333,20918
2,2,2013,20.63305556,20918
2,3,2013,20.72590278,20918
2,4,2013,30.03743056,20918
2,5,2013,64.51854167,20918
2,6,2013,61.50465278,20918
2,7,2013,60.5475,20918
2,8,2013,59.89145833,20918
2,9,2013,60.19652778,20918
2,10,2012,32.06784722,20918
2,10,2013,60.22763889,20918
2,11,2012,30.62284722,20918
2,11,2013,59.94423611,20918
2,12,2012,30.22263889,20918
2,12,2013,63.35048611,20918
3,1,2013,29.81388889,20918
3,1,2014,66.64333333,20918
3,2,2013,20.64631944,20918
3,3,2013,20.71479167,20918
3,4,2013,30.04125,20918
3,5,2013,64.47354167,20918
3,6,2013,61.43138889,20918
3,7,2013,60.51284167,20918
3,8,2013,59.86215278,20918
3,9,2013,60.20229167,20918
3,10,2012,32.01263889,20918
3,10,2013,60.23541667,20918
3,11,2012,30.62465278,20918
3,11,2013,59.88486111,20918
3,12,2012,30.19486111,20918
3,12,2013,63.28604167,20918
4,1,2013,29.82666667,20918
4,1,2014,66.64333333,20918
4,2,2013,20.655625,20918
4,3,2013,20.699375,20918
4,4,2013,30.02798611,20918
4,5,2013,64.42361111,20918
4,6,2013,61.37319444,20918
4,7,2013,60.49865833,20918
4,8,2013,59.863125,20918
4,9,2013,60.21180556,20918
4,10,2012,31.95493056,20918
4,10,2013,60.24625,20918
4,11,2012,30.62263889,20918
4,11,2013,59.84902778,20918
4,12,2012,30.155625,20918
4,12,2013,63.24847222,20918
5,1,2013,29.82493056,20918
5,1,2014,66.64333333,20918
5,2,2013,20.66046667,20918
5,3,2013,20.68715278,20918
5,4,2013,30.041875,20918
5,5,2013,64.36777778,20918
5,6,2013,61.31784722,20918
5,7,2013,60.47374444,20918
5,8,2013,59.859375,20918
5,9,2013,60.22597222,20918
5,10,2012,31.88673611,20918
5,10,2013,60.26145833,20918
5,11,2012,30.61020833,20918
5,11,2013,59.80381944,20918
5,12,2012,30.13618056,20918
5,12,2013,63.17645833,20918
6,1,2013,29.83326389,20918
6,1,2014,66.64333333,20918
6,2,2013,20.67701389,20918
6,3,2013,20.66555556,20918
6,4,2013,30.04479167,20918
6,5,2013,64.26826389,20918
6,6,2013,61.29125,20918
6,7,2013,60.42893333,20918
6,8,2013,59.84090278,20918
6,9,2013,60.229375,20918
6,10,2012,31.82465278,20918
6,10,2013,60.29291667,20918
6,11,2012,30.59368056,20918
6,11,2013,59.75055556,20918
6,12,2012,30.11888889,20918
6,12,2013,63.09472222,20918
7,1,2013,29.83118056,20918
7,1,2014,66.64333333,20918
7,2,2013,20.69569444,20918
7,3,2013,20.64472222,20918
7,4,2013,30.043125,20918
7,5,2013,64.17986111,20918
7,6,2013,61.23875,20918
7,7,2013,60.40125,20918
7,8,2013,59.82576389,20918
7,9,2013,60.24604167,20918
7,10,2012,31.76305556,20918
7,10,2013,60.28340278,20918
7,11,2012,30.58222222,20918
7,11,2013,59.70125,20918
7,12,2012,30.10972222,20918
7,12,2013,63.01923611,20918
8,1,2013,29.82472222,20918
8,1,2014,66.64333333,20918
8,2,2013,20.63284722,20918
8,3,2013,20.62881944,20918
8,4,2013,30.04048611,20918
8,5,2013,64.07111111,20918
8,6,2013,61.19576389,20918
8,7,2013,60.39667778,20918
8,8,2013,59.83951389,20918
8,9,2013,60.24104167,20918
8,10,2012,31.6975,20918
8,10,2013,60.21506944,20918
8,11,2012,30.575625,20918
8,11,2013,59.65451389,20918
8,12,2012,30.09319444,20918
8,12,2013,63.02930556,20918
9,1,2013,29.82854167,20918
9,1,2014,66.64333333,20918
9,2,2013,20.50847222,20918
9,3,2013,20.59819444,20918
9,4,2013,30.04097222,20918
9,5,2013,63.96222222,20918
9,6,2013,61.15,20918
9,7,2013,60.38635278,20918
9,8,2013,59.86243056,20918
9,9,2013,60.26409722,20918
9,10,2012,31.63354167,20918
9,10,2013,60.19326389,20918
9,11,2012,30.58625,20918
9,11,2013,59.60527778,20918
9,12,2012,30.08909722,20918
9,12,2013,63.03069444,20918
10,1,2013,29.83215278,20918
10,1,2014,66.64333333,20918
10,2,2013,20.44340278,20918
10,3,2013,20.58243056,20918
10,4,2013,30.04263889,20918
10,5,2013,63.86597222,20918
10,6,2013,61.09409722,20918
10,7,2013,60.37294722,20918
10,8,2013,59.84090278,20918
10,9,2013,60.29222222,20918
10,10,2012,31.56298611,20918
10,10,2013,60.20909722,20918
10,11,2012,30.58284722,20918
10,11,2013,59.566875,20918
10,12,2012,30.07916667,20918
10,12,2013,62.94638889,20918
11,1,2013,29.83597222,20918
11,2,2013,20.40597222,20918
11,3,2013,20.58541667,20918
11,4,2013,30.03076389,20918
11,5,2013,63.780625,20918
11,6,2013,61.063125,20918
11,7,2013,60.32751389,20918
11,8,2013,59.83923611,20918
11,9,2013,60.308125,20918
11,10,2012,31.47979167,20918
11,10,2013,60.24715278,20918
11,11,2012,30.57791667,20918
11,11,2013,59.52680556,20918
11,12,2012,30.07743056,20918
11,12,2013,62.81048611,20918
12,1,2013,29.84583333,20918
12,2,2013,20.33368056,20918
12,3,2013,20.57888889,20918
12,4,2013,30.02986111,20918
12,5,2013,63.705625,20918
12,6,2013,60.99875,20918
12,7,2013,60.28100833,20918
12,8,2013,59.83875,20918
12,9,2012,32.96269231,20918
12,9,2013,60.33,20918
12,10,2012,31.39673611,20918
12,10,2013,60.24708333,20918
12,11,2012,30.57215278,20918
12,11,2013,59.49875,20918
12,12,2012,30.07395833,20918
12,12,2013,62.67930556,20918
13,1,2013,29.85326389,20918
13,2,2013,20.31333333,20918
13,3,2013,20.56805556,20918
13,4,2013,30.02395833,20918
13,5,2013,63.60888889,20918
13,6,2013,60.95631944,20918
13,7,2013,60.24049167,20918
13,8,2013,59.83645833,20918
13,9,2012,32.930625,20918
13,9,2013,60.35805556,20918
13,10,2012,31.30715278,20918
13,10,2013,60.27041667,20918
13,11,2012,30.56111111,20918
13,11,2013,59.48104167,20918
13,12,2012,30.08263889,20918
13,12,2013,62.57548611,20918
14,1,2013,29.85194444,20918
14,2,2013,20.35652778,20918
14,3,2013,29.85606944,20918
14,4,2013,30.02909722,20918
14,5,2013,63.45888889,20918
14,6,2013,60.9125,20918
14,7,2013,60.232275,20918
14,8,2013,59.85680556,20918
14,9,2012,32.88020833,20918
14,9,2013,60.38763889,20918
14,10,2012,31.22298611,20918
14,10,2013,60.20430556,20918
14,11,2012,30.54881944,20918
14,11,2013,59.46243056,20918
14,12,2012,30.07069444,20918
14,12,2013,62.55659722,20918
15,1,2013,31.17319444,20918
15,2,2013,20.46402778,20918
15,3,2013,29.866875,20918
15,4,2013,30.031875,20918
15,5,2013,63.31326389,20918
15,6,2013,60.87444444,20918
15,7,2013,60.22167222,20918
15,8,2013,59.88173611,20918
15,9,2012,32.83083333,20918
15,9,2013,60.42916667,20918
15,10,2012,31.13138889,20918
15,10,2013,60.17479167,20918
15,11,2012,30.53909722,20918
15,11,2013,59.40611111,20918
15,12,2012,30.05305556,20918
15,12,2013,62.57631944,20918
16,1,2013,30.4675,20918
16,2,2013,20.57326389,20918
16,3,2013,29.87979167,20918
16,4,2013,30.03263889,20918
16,5,2013,63.17152778,20918
16,6,2013,60.85590278,20918
16,7,2013,60.17568056,20918
16,8,2013,59.88222222,20918
16,9,2012,32.78326389,20918
16,9,2013,60.46069444,20918
16,10,2012,31.04069444,20918
16,10,2013,60.19986111,20918
16,11,2012,30.52770833,20918
16,11,2013,59.33201389,20918
16,12,2012,30.03534722,20918
16,12,2013,62.59694444,20918
17,1,2013,30.13388889,20918
17,2,2013,20.62993056,20918
17,3,2013,29.87513889,20918
17,4,2013,30.03534722,20918
17,5,2013,63.02756944,20918
17,6,2013,60.82388889,20918
17,7,2013,60.153225,20918
17,8,2013,59.895625,20918
17,9,2012,32.734375,20918
17,9,2013,60.46972222,20918
17,10,2012,30.95131944,20918
17,10,2013,60.24104167,20918
17,11,2012,30.508125,20918
17,11,2013,59.27236111,20918
17,12,2012,30.01951389,20918
17,12,2013,62.57722222,20918
18,1,2013,30.02067308,20918
18,2,2013,20.73555556,20918
18,3,2013,29.87645833,20918
18,4,2013,30.04020833,20918
18,5,2013,62.91840278,20918
18,6,2013,60.80798611,20918
18,7,2013,60.15963056,20918
18,8,2013,59.91805556,20918
18,9,2012,32.68236111,20918
18,9,2013,60.47284722,20918
18,10,2012,30.89944444,20918
18,10,2013,60.25826389,20918
18,11,2012,30.49576389,20918
18,11,2013,59.21875,20918
18,12,2012,30.00826389,20918
18,12,2013,62.50715278,20918
19,1,2013,20.12423611,20918
19,2,2013,20.85166667,20918
19,3,2013,29.89347222,20918
19,4,2013,30.04215278,20918
19,5,2013,62.83847222,20918
19,6,2013,60.74951389,20918
19,7,2013,60.15527222,20918
19,8,2013,59.94777778,20918
19,9,2012,32.63798611,20918
19,9,2013,60.50111111,20918
19,10,2012,30.85291667,20918
19,10,2013,60.22743056,20918
19,11,2012,30.49222222,20918
19,11,2013,59.14347222,20918
19,12,2012,29.99743056,20918
19,12,2013,62.42986111,20918
20,1,2013,20.18194444,20918
20,2,2013,20.87736111,20918
20,3,2013,29.90152778,20918
20,4,2013,30.02388889,20918
20,5,2013,62.72958333,20918
20,6,2013,60.71305556,20918
20,7,2013,60.12893889,20918
20,8,2013,59.93270833,20918
20,9,2012,32.59152778,20918
20,9,2013,60.52652778,20918
20,10,2012,30.81583333,20918
20,10,2013,60.17229167,20918
20,11,2012,30.47583333,20918
20,11,2013,59.08215278,20918
20,12,2012,29.98152778,20918
20,12,2013,62.37715278,20918
21,1,2013,20.25743056,20918
21,2,2013,20.88673611,20918
21,3,2013,29.93006944,20918
21,4,2013,30.03861111,20918
21,5,2013,62.58631944,20918
21,6,2013,60.68826389,20918
21,7,2013,60.14224722,20918
21,8,2013,59.94048611,20918
21,9,2012,32.55756944,20918
21,9,2013,60.52784722,20918
21,10,2012,30.78979167,20918
21,10,2013,60.16708333,20918
21,11,2012,30.45395833,20918
21,11,2013,62.125625,20918
21,12,2012,29.96506944,20918
21,12,2013,62.29715278,20918
22,1,2013,20.30306667,20918
22,2,2013,20.90361111,20918
22,3,2013,29.953125,20918
22,4,2013,30.04465278,20918
22,5,2013,62.44111111,20918
22,6,2013,60.65951389,20918
22,7,2013,60.12181389,20918
22,8,2013,60.00381944,20918
22,9,2012,32.52243056,20918
22,9,2013,60.42236111,20918
22,10,2012,30.77270833,20918
22,10,2013,60.11840278,20918
22,11,2012,30.44805556,20918
22,11,2013,64.78083333,20918
22,12,2012,29.94430556,20918
22,12,2013,62.17743056,20918
23,1,2013,20.35818841,20918
23,2,2013,20.9134058,20918
23,3,2013,29.96416667,20918
23,4,2013,30.0465942,20918
23,5,2013,62.30861111,20918
23,6,2013,60.64736111,20918
23,7,2013,60.069625,20918
23,8,2013,60.01236111,20918
23,9,2012,32.48451389,20918
23,9,2013,60.36833333,20918
23,10,2012,30.73513889,20918
23,10,2013,60.03298611,20918
23,11,2012,30.44333333,20918
23,11,2013,64.74715278,20918
23,12,2012,29.91673611,20918
23,12,2013,62.08256944,20918
24,1,2013,20.39528986,20918
24,2,2013,20.91291667,20918
24,3,2013,29.97131944,20918
24,4,2013,30.03784722,20918
24,5,2013,62.17493056,20918
24,6,2013,60.62270833,20918
24,7,2013,60.04616389,20918
24,8,2013,60.00668245,20918
24,9,2012,32.45152778,20918
24,9,2013,60.35854167,20918
24,10,2012,30.71493056,20918
24,10,2013,59.98458333,20918
24,11,2012,30.41027778,20918
24,11,2013,64.44145833,20918
24,12,2012,29.88284722,20918
24,12,2013,61.98923611,20918
25,1,2013,20.4332,20918
25,2,2013,20.91833333,20918
25,3,2013,29.97618056,20918
25,4,2013,64.64426667,20918
25,5,2013,62.03881944,20918
25,6,2013,60.605,20918
25,7,2013,60.05222222,20918
25,9,2012,32.40930556,20918
25,9,2013,60.40236111,20918
25,10,2012,30.69604167,20918
25,10,2013,59.98319444,20918
25,11,2012,30.37993056,20918
25,11,2013,64.23583333,20918
25,12,2012,29.84708333,20918
25,12,2013,61.88229167,20918
26,1,2013,20.47006944,20918
26,2,2013,20.91597222,20918
26,3,2013,29.98208333,20918
26,4,2013,64.63982456,20918
26,5,2013,61.92854167,20918
26,6,2013,60.60465278,20918
26,7,2013,60.02123889,20918
26,9,2012,32.36666667,20918
26,9,2013,60.44652778,20918
26,10,2012,30.67465278,20918
26,10,2013,60.00291667,20918
26,11,2012,30.36902778,20918
26,11,2013,64.13097222,20918
26,12,2012,29.82284722,20918
26,12,2013,61.75625,20918
27,1,2013,20.50326389,20918
27,2,2013,20.85673611,20918
27,3,2013,29.98534722,20918
27,4,2013,64.63194444,20918
27,5,2013,61.83083333,20918
27,6,2013,60.59319444,20918
27,7,2013,60.00372778,20918
27,9,2012,32.32,20918
27,9,2013,60.48743056,20918
27,10,2012,30.65006944,20918
27,10,2013,59.99951389,20918
27,11,2012,30.35340278,20918
27,11,2013,64.08138889,20918
27,12,2012,29.81944444,20918
27,12,2013,61.6025,20918
28,1,2013,20.525,20918
28,2,2013,20.76076389,20918
28,3,2013,29.99576389,20918
28,4,2013,64.62111111,20918
28,5,2013,61.74770833,20918
28,6,2013,60.61909722,20918
28,7,2013,59.99473056,20918
28,9,2012,32.27291667,20918
28,9,2013,60.50847222,20918
28,10,2012,30.63256944,20918
28,10,2013,59.99618056,20918
28,11,2012,30.32805556,20918
28,11,2013,64.05095238,20918
28,12,2012,29.82090278,20918
28,12,2013,61.55375,20918
29,1,2013,20.55159722,20918
29,3,2013,30.00416667,20918
29,4,2013,64.61305556,20918
29,5,2013,61.70986111,20918
29,6,2013,60.60395833,20918
29,7,2013,59.98985,20918
29,9,2012,32.21979167,20918
29,9,2013,60.43611111,20918
29,10,2012,30.62993056,20918
29,10,2013,60.00027778,20918
29,11,2012,30.29916667,20918
29,12,2012,29.81229167,20918
29,12,2013,61.50680556,20918
30,1,2013,20.57895833,20918
30,3,2013,30.01347222,20918
30,4,2013,64.6090377,20918
30,5,2013,61.64770833,20918
30,6,2013,60.57381944,20918
30,7,2013,59.93593611,20918
30,9,2012,32.169375,20918
30,9,2013,60.32421784,20918
30,10,2012,30.62854167,20918
30,10,2013,60.01291667,20918
30,11,2012,30.26506944,20918
30,12,2012,29.79618056,20918
30,12,2013,61.47819444,20918
31,1,2013,20.59673611,20918
31,3,2013,30.02104167,20918
31,5,2013,61.58902778,20918
31,7,2013,59.90881341,20918
31,10,2012,30.618125,20918
31,10,2013,60.03637064,20918
31,12,2012,29.78527778,20918
31,12,2013,61.41861111,20918
1,1,2013,63.6566,20922
1,1,2014,69.901875,20922
1,2,2013,36.12145833,20922
1,2,2014,78.97908905,20922
1,3,2013,36.39840278,20922
1,3,2014,76.92158578,20922
1,4,2013,38.07645833,20922
1,4,2014,79.39194444,20922
1,5,2013,67.24027778,20922
1,5,2014,69.48012939,20922
1,6,2013,64.04465278,20922
1,7,2013,62.12826389,20922
1,8,2013,60.93305556,20922
1,9,2013,60.43465278,20922
1,10,2012,34.88375,20922
1,10,2013,60.36284722,20922
1,11,2012,34.57736111,20922
1,11,2013,31.05159722,20922
1,12,2012,34.19354167,20922
1,12,2013,65.16125,20922
2,1,2013,33.29493056,20922
2,1,2014,69.79847222,20922
2,2,2013,36.20986111,20922
2,2,2014,78.78973214,20922
2,3,2013,36.35298611,20922
2,3,2014,77.15033638,20922
2,4,2013,38.03916667,20922
2,4,2014,81.31331019,20922
2,5,2013,67.07625,20922
2,5,2014,67.24562137,20922
2,6,2013,63.92986111,20922
2,7,2013,62.07493056,20922
2,8,2013,60.90472222,20922
2,9,2013,60.40055556,20922
2,10,2012,34.80256944,20922
2,10,2013,60.40118056,20922
2,11,2012,34.58777778,20922
2,11,2013,30.98819444,20922
2,12,2012,34.141875,20922
2,12,2013,65.04604167,20922
3,1,2013,33.33534722,20922
3,1,2014,69.43638889,20922
3,2,2013,36.28743056,20922
3,2,2014,78.81846795,20922
3,3,2013,36.33180556,20922
3,3,2014,79.26006579,20922
3,4,2013,37.95930556,20922
3,4,2014,82.05293056,20922
3,5,2013,66.92513889,20922
3,5,2014,66.91131807,20922
3,6,2013,63.81277778,20922
3,7,2013,62.00590278,20922
3,8,2013,60.85784722,20922
3,9,2013,60.41361111,20922
3,10,2012,34.7025,20922
3,10,2013,60.45701389,20922
3,11,2012,34.59590278,20922
3,11,2013,30.99041667,20922
3,12,2012,34.09479167,20922
3,12,2013,64.986875,20922
4,1,2013,33.35583333,20922
4,1,2014,69.09652778,20922
4,2,2013,36.34041667,20922
4,2,2014,78.95,20922
4,3,2013,36.29368056,20922
4,3,2014,81.81836806,20922
4,4,2013,37.90243056,20922
4,4,2014,83.55662709,20922
4,5,2013,66.77020833,20922
4,5,2014,57.29938605,20922
4,6,2013,63.72451389,20922
4,7,2013,61.96645833,20922
4,8,2013,60.85805556,20922
4,9,2013,60.40402778,20922
4,10,2012,34.63076389,20922
4,10,2013,60.48458333,20922
4,11,2012,34.59368056,20922
4,11,2013,31.01659722,20922
4,12,2012,34.03659722,20922
4,12,2013,64.93173611,20922
5,1,2013,33.36555556,20922
5,1,2014,68.64541667,20922
5,2,2013,36.37111111,20922
5,2,2014,79.63786706,20922
5,3,2013,36.27111111,20922
5,3,2014,81.44075542,20922
5,4,2013,38.02131944,20922
5,4,2014,53.29,20922
5,5,2013,66.63361111,20922
5,5,2014,47.67866667,20922
5,6,2013,63.63576389,20922
5,7,2013,61.91756944,20922
5,8,2013,60.83736111,20922
5,9,2013,60.39986111,20922
5,10,2012,34.56034722,20922
5,10,2013,60.52423611,20922
5,11,2012,34.57833333,20922
5,11,2013,31.03694444,20922
5,12,2012,33.98722222,20922
5,12,2013,64.85909722,20922
6,1,2013,33.40381944,20922
6,1,2014,70.59909722,20922
6,2,2013,36.44277778,20922
6,2,2014,78.91093546,20922
6,3,2013,36.21847222,20922
6,3,2014,81.90254575,20922
6,4,2013,38.10902778,20922
6,4,2014,77.32927579,20922
6,5,2013,66.50736111,20922
6,6,2013,63.55770833,20922
6,7,2013,61.8525,20922
6,8,2013,60.80027778,20922
6,9,2013,60.40979167,20922
6,10,2012,34.51701389,20922
6,10,2013,60.60277778,20922
6,11,2012,34.56236111,20922
6,11,2013,31.05381944,20922
6,12,2012,33.93013889,20922
6,12,2013,64.7625,20922
7,1,2013,33.41159722,20922
7,1,2014,73.42930556,20922
7,2,2013,36.50381944,20922
7,2,2014,79.61673611,20922
7,3,2013,36.17056818,20922
7,3,2014,81.50145974,20922
7,4,2013,38.14173611,20922
7,4,2014,79.57313492,20922
7,5,2013,66.39486111,20922
7,6,2013,63.503125,20922
7,7,2013,61.82555556,20922
7,8,2013,60.79305556,20922
7,9,2013,60.40965278,20922
7,10,2012,34.46416667,20922
7,10,2013,60.50430556,20922
7,11,2012,34.55229167,20922
7,11,2013,31.0775,20922
7,12,2012,33.89979167,20922
7,12,2013,64.71284722,20922
8,1,2013,33.39895833,20922
8,1,2014,74.37715278,20922
8,2,2013,36.531875,20922
8,2,2014,79.70916667,20922
8,3,2013,36.12409722,20922
8,3,2014,81.76143177,20922
8,4,2013,38.14430556,20922
8,4,2014,81.15145833,20922
8,5,2013,66.29819444,20922
8,6,2013,63.44354167,20922
8,7,2013,61.79194444,20922
8,8,2013,60.81715278,20922
8,9,2013,60.39118056,20922
8,10,2012,34.41465278,20922
8,10,2013,60.37548611,20922
8,11,2012,34.54958333,20922
8,11,2013,31.07701389,20922
8,12,2012,33.86214286,20922
8,12,2013,64.71895833,20922
9,1,2013,33.39694444,20922
9,1,2014,75.23486111,20922
9,2,2013,36.55069444,20922
9,2,2014,79.88102869,20922
9,3,2013,36.0475,20922
9,3,2014,82.01383044,20922
9,4,2013,38.13027778,20922
9,4,2014,76.7558907,20922
9,5,2013,66.21833333,20922
9,6,2013,63.36333333,20922
9,7,2013,61.76347222,20922
9,8,2013,60.83409722,20922
9,9,2013,60.42652778,20922
9,10,2012,34.38236111,20922
9,10,2013,60.428125,20922
9,11,2012,34.57472222,20922
9,11,2013,31.08895833,20922
9,12,2013,64.69486111,20922
10,1,2013,33.39680556,20922
10,1,2014,75.87645833,20922
10,2,2013,36.56104167,20922
10,2,2014,79.56418241,20922
10,3,2013,36.0775,20922
10,3,2014,83.1484036,20922
10,4,2013,38.09881944,20922
10,4,2014,76.70254227,20922
10,5,2013,66.13930556,20922
10,6,2013,63.25847222,20922
10,7,2013,61.73125,20922
10,8,2013,60.75673611,20922
10,9,2013,60.43645833,20922
10,10,2012,34.35159722,20922
10,10,2013,60.52875,20922
10,11,2012,34.59777778,20922
10,11,2013,31.08291667,20922
10,12,2012,33.76923077,20922
10,12,2013,64.62256944,20922
11,1,2013,33.38256944,20922
11,1,2014,76.01784722,20922
11,2,2013,36.580625,20922
11,2,2014,80.07257188,20922
11,3,2013,36.41819444,20922
11,3,2014,83.27387358,20922
11,4,2013,38.04659722,20922
11,4,2014,67.85833333,20922
11,5,2013,66.08055556,20922
11,6,2013,63.21569444,20922
11,7,2013,61.66986111,20922
11,8,2013,60.745625,20922
11,9,2013,60.44756944,20922
11,10,2012,34.30319444,20922
11,10,2013,60.59965278,20922
11,11,2012,34.64465278,20922
11,11,2013,31.06833333,20922
11,12,2012,33.73638889,20922
11,12,2013,64.50170213,20922
12,1,2013,33.38798611,20922
12,1,2014,76.12666667,20922
12,2,2013,36.58402778,20922
12,2,2014,79.52031404,20922
12,3,2013,36.73361111,20922
12,3,2014,83.56457307,20922
12,4,2013,38.0375,20922
12,4,2014,77.58031101,20922
12,5,2013,66.02145833,20922
12,6,2013,63.11125,20922
12,7,2013,61.61465278,20922
12,8,2013,60.74930556,20922
12,9,2012,36.92706197,20922
12,9,2013,60.44180556,20922
12,10,2012,34.27652778,20922
12,10,2013,60.60555556,20922
12,11,2012,34.65652778,20922
12,11,2013,31.11590278,20922
12,12,2012,33.70263889,20922
12,12,2013,64.38868056,20922
13,1,2013,33.39770833,20922
13,1,2014,76.19319444,20922
13,2,2013,36.58472222,20922
13,2,2014,79.20958333,20922
13,3,2013,36.96138889,20922
13,3,2014,89.37,20922
13,4,2013,38.01229167,20922
13,4,2014,78.00457696,20922
13,5,2013,65.94173611,20922
13,6,2013,63.02916667,20922
13,7,2013,61.58,20922
13,8,2013,60.72638889,20922
13,9,2012,36.83138889,20922
13,9,2013,60.47763889,20922
13,10,2012,34.24722222,20922
13,10,2013,60.60534722,20922
13,11,2012,34.63743056,20922
13,11,2013,31.15486111,20922
13,12,2012,33.70444444,20922
13,12,2013,64.33513889,20922
14,1,2013,33.41034722,20922
14,1,2014,75.96194444,20922
14,2,2013,36.58659722,20922
14,2,2014,80.52156703,20922
14,3,2013,37.13333333,20922
14,3,2014,86.06696644,20922
14,4,2013,37.98145833,20922
14,4,2014,75.88715332,20922
14,5,2013,65.82784722,20922
14,6,2013,62.97194444,20922
14,7,2013,61.55590278,20922
14,8,2013,60.69902778,20922
14,9,2012,36.694375,20922
14,9,2013,60.51041667,20922
14,10,2012,34.22736111,20922
14,10,2013,60.44645833,20922
14,11,2012,34.62659722,20922
14,11,2013,31.15,20922
14,12,2012,33.68666667,20922
14,12,2013,64.32888889,20922
15,1,2013,33.46173611,20922
15,1,2014,75.82548611,20922
15,2,2013,36.55791667,20922
15,2,2014,83.32392281,20922
15,3,2013,37.26645833,20922
15,3,2014,82.28580936,20922
15,4,2013,37.89395833,20922
15,4,2014,61.915,20922
15,5,2013,65.74034722,20922
15,6,2013,62.91888889,20922
15,7,2013,61.51736111,20922
15,8,2013,60.67645833,20922
15,9,2012,36.59840278,20922
15,9,2013,60.54833333,20922
15,10,2012,34.201875,20922
15,10,2013,60.48444444,20922
15,11,2012,34.62409722,20922
15,11,2013,31.17173611,20922
15,12,2012,33.66048611,20922
15,12,2013,64.33145833,20922
16,1,2013,33.62819444,20922
16,1,2014,75.56847222,20922
16,2,2013,36.50534722,20922
16,2,2014,80.27409681,20922
16,3,2013,37.37458333,20922
16,3,2014,82.40789035,20922
16,4,2013,37.74909722,20922
16,4,2014,75.52559942,20922
16,5,2013,65.65236111,20922
16,6,2013,62.85125,20922
16,7,2013,61.45861111,20922
16,8,2013,60.65458333,20922
16,9,2012,36.475625,20922
16,9,2013,60.58034722,20922
16,10,2012,34.16402778,20922
16,10,2013,60.60138889,20922
16,11,2012,34.633125,20922
16,11,2013,64.26380256,20922
16,12,2012,33.63479167,20922
16,12,2013,64.34340278,20922
17,1,2013,33.82618056,20922
17,1,2014,75.22162879,20922
17,2,2013,36.47618056,20922
17,2,2014,83.77743155,20922
17,3,2013,37.45402778,20922
17,3,2014,82.49055766,20922
17,4,2013,37.57013889,20922
17,4,2014,75.33218254,20922
17,5,2013,65.55652778,20922
17,6,2013,62.79611111,20922
17,7,2013,61.42041667,20922
17,8,2013,60.63208333,20922
17,9,2012,36.32888889,20922
17,9,2013,60.55638889,20922
17,10,2012,34.36840278,20922
17,10,2013,60.66506944,20922
17,11,2012,34.62465278,20922
17,11,2013,64.85277778,20922
17,12,2012,33.60145833,20922
17,12,2013,64.30555556,20922
18,1,2013,34.0325,20922
18,1,2014,74.83508578,20922
18,2,2013,36.40888889,20922
18,2,2014,80.41740834,20922
18,3,2013,37.49201389,20922
18,3,2014,82.7444246,20922
18,4,2013,37.37013889,20922
18,4,2014,76.46443326,20922
18,5,2013,65.43743056,20922
18,6,2013,62.73298611,20922
18,7,2013,61.41375,20922
18,8,2013,60.61993056,20922
18,9,2012,36.16895833,20922
18,9,2013,60.57979167,20922
18,10,2012,34.62152778,20922
18,10,2013,60.67951389,20922
18,11,2012,34.60881944,20922
18,11,2013,64.83979167,20922
18,12,2012,33.56701389,20922
18,12,2013,64.229375,20922
19,1,2013,34.23798611,20922
19,1,2014,74.44888889,20922
19,2,2013,36.30652778,20922
19,2,2014,80.5645843,20922
19,3,2013,37.54965278,20922
19,3,2014,82.45438889,20922
19,4,2013,37.20159722,20922
19,4,2014,74.02708047,20922
19,5,2013,65.351875,20922
19,6,2013,62.65611111,20922
19,7,2013,61.39469935,20922
19,8,2013,60.59513889,20922
19,9,2012,36.03152778,20922
19,9,2013,60.63006944,20922
19,10,2012,34.534375,20922
19,10,2013,60.56701389,20922
19,11,2012,34.61625,20922
19,11,2013,64.77555556,20922
19,12,2012,33.54055556,20922
19,12,2013,64.17798611,20922
20,1,2013,34.41652778,20922
20,1,2014,74.05409722,20922
20,2,2013,36.19326389,20922
20,2,2014,79.41632189,20922
20,3,2013,37.56541667,20922
20,3,2014,82.5684537,20922
20,4,2013,37.10444444,20922
20,4,2014,74.14842474,20922
20,5,2013,65.27423611,20922
20,6,2013,62.59868056,20922
20,7,2013,61.35638889,20922
20,8,2013,60.529375,20922
20,9,2012,35.89277778,20922
20,9,2013,60.66784722,20922
20,10,2012,34.50833333,20922
20,10,2013,60.50118056,20922
20,11,2012,34.61402778,20922
20,11,2013,65.08527778,20922
20,12,2012,33.51993056,20922
20,12,2013,64.16354167,20922
21,1,2013,34.59652778,20922
21,1,2014,73.64986111,20922
21,2,2013,36.26902778,20922
21,2,2014,78.87326389,20922
21,3,2013,37.71493056,20922
21,3,2014,82.5105033,20922
21,4,2013,37.21090278,20922
21,4,2014,72.87116823,20922
21,5,2013,65.17861111,20922
21,6,2013,62.54305556,20922
21,7,2013,61.341875,20922
21,8,2013,60.51034722,20922
21,9,2012,35.77840278,20922
21,9,2013,60.64840278,20922
21,10,2012,34.52277778,20922
21,10,2013,60.57798611,20922
21,11,2012,34.59861111,20922
21,11,2013,66.07180556,20922
21,12,2012,33.48763889,20922
21,12,2013,64.11513889,20922
22,1,2013,34.76,20922
22,1,2014,73.10668651,20922
22,2,2013,36.47909722,20922
22,2,2014,78.25055556,20922
22,3,2013,37.875,20922
22,3,2014,81.70106582,20922
22,4,2013,37.43,20922
22,4,2014,71.843,20922
22,5,2013,65.07833333,20922
22,6,2013,62.48548611,20922
22,7,2013,61.30208333,20922
22,8,2013,60.54368056,20922
22,9,2012,35.67472222,20922
22,9,2013,60.44548611,20922
22,10,2012,34.55479167,20922
22,10,2013,60.46486111,20922
22,11,2012,34.57743056,20922
22,11,2013,65.70296296,20922
22,12,2012,33.46354167,20922
22,12,2013,64.04979167,20922
23,1,2013,34.91916667,20922
23,1,2014,72.52,20922
23,2,2013,36.60381944,20922
23,2,2014,79.7300944,20922
23,3,2013,37.99069444,20922
23,3,2014,81.41731481,20922
23,4,2013,37.57118056,20922
23,4,2014,71.42832997,20922
23,5,2013,64.97430556,20922
23,6,2013,62.42638889,20922
23,7,2013,61.23576389,20922
23,8,2013,60.47451389,20922
23,9,2012,35.57368056,20922
23,9,2013,60.41638889,20922
23,10,2012,34.54763889,20922
23,10,2013,60.37020833,20922
23,11,2012,34.57333333,20922
23,11,2013,65.5200463,20922
23,12,2012,33.45638889,20922
23,12,2013,64.02659722,20922
24,1,2013,35.08861111,20922
24,1,2014,71.95006944,20922
24,2,2013,36.61465278,20922
24,2,2014,78.9829398,20922
24,3,2013,38.05819444,20922
24,3,2014,82.69585085,20922
24,4,2013,37.62902778,20922
24,4,2014,70.60644546,20922
24,5,2013,64.84451389,20922
24,6,2013,62.40993056,20922
24,7,2013,61.20118056,20922
24,8,2013,60.48389583,20922
24,9,2012,35.49833333,20922
24,9,2013,60.48479167,20922
24,10,2012,34.56340278,20922
24,10,2013,60.364375,20922
24,11,2012,34.54520833,20922
24,11,2013,65.41648148,20922
24,12,2012,33.44125,20922
24,12,2013,63.99770833,20922
25,1,2013,35.26555556,20922
25,1,2014,71.35666667,20922
25,2,2013,36.6175,20922
25,2,2014,77.54742845,20922
25,3,2013,38.10625,20922
25,3,2014,82.04494263,20922
25,4,2013,67.62306667,20922
25,4,2014,69.96573377,20922
25,5,2013,64.72375,20922
25,6,2013,62.37333333,20922
25,7,2013,61.19409722,20922
25,8,2013,32.93875,20922
25,9,2012,35.40409722,20922
25,9,2013,60.57,20922
25,10,2012,34.57097222,20922
25,10,2013,60.46398757,20922
25,11,2012,34.500625,20922
25,11,2013,65.31532407,20922
25,12,2012,33.41465278,20922
25,12,2013,63.94513889,20922
26,1,2013,35.42618056,20922
26,1,2014,70.90901389,20922
26,2,2013,36.59347222,20922
26,2,2014,77.7708751,20922
26,3,2013,38.12784722,20922
26,3,2014,80.53430692,20922
26,4,2013,67.63964957,20922
26,4,2014,70.08067616,20922
26,5,2013,64.60708333,20922
26,6,2013,62.34694444,20922
26,7,2013,61.15104167,20922
26,8,2013,32.925,20922
26,9,2012,35.31229167,20922
26,9,2013,60.634375,20922
26,10,2012,34.57847222,20922
26,10,2013,60.53147876,20922
26,11,2012,34.45506944,20922
26,11,2013,65.18189815,20922
26,12,2012,33.38173611,20922
26,12,2013,63.85923611,20922
27,1,2013,35.59805556,20922
27,1,2014,75.2057702,20922
27,2,2013,36.56020833,20922
27,2,2014,77.75978984,20922
27,3,2013,38.14451389,20922
27,3,2014,80.23495833,20922
27,4,2013,37.615625,20922
27,4,2014,69.01741107,20922
27,5,2013,64.5,20922
27,6,2013,62.28393282,20922
27,7,2013,61.12652778,20922
27,8,2013,32.91645833,20922
27,9,2012,35.20111111,20922
27,9,2013,60.67763889,20922
27,10,2012,34.563125,20922
27,10,2013,60.54340278,20922
27,11,2012,34.42354167,20922
27,11,2013,65.11451389,20922
27,12,2012,33.365625,20922
27,12,2013,63.766875,20922
28,1,2013,35.735,20922
28,1,2014,76.90052083,20922
28,2,2013,36.48881944,20922
28,2,2014,76.99742708,20922
28,3,2013,38.15402778,20922
28,3,2014,79.26296627,20922
28,4,2013,37.57541667,20922
28,4,2014,69.47527778,20922
28,5,2013,64.39659722,20922
28,6,2013,62.24209515,20922
28,7,2013,61.10423611,20922
28,8,2013,32.90666667,20922
28,9,2012,35.09611111,20922
28,9,2013,60.69833333,20922
28,10,2012,34.54305556,20922
28,10,2013,60.53979167,20922
28,11,2012,34.371875,20922
28,11,2013,65.14976478,20922
28,12,2012,33.35895833,20922
28,12,2013,63.74208333,20922
29,1,2013,35.86659722,20922
29,1,2014,77.18631944,20922
29,3,2013,38.14784722,20922
29,3,2014,79.33486111,20922
29,4,2013,37.50319444,20922
29,4,2014,68.68559676,20922
29,5,2013,64.31180556,20922
29,6,2013,62.19583333,20922
29,7,2013,61.06048611,20922
29,8,2013,32.91173611,20922
29,9,2012,35.02291667,20922
29,9,2013,60.50902778,20922
29,10,2012,34.54979167,20922
29,10,2013,60.55006944,20922
29,11,2012,34.33944444,20922
29,11,2013,65.31194444,20922
29,12,2012,33.34638889,20922
29,12,2013,63.72576389,20922
30,1,2013,35.98291667,20922
30,1,2014,77.40069444,20922
30,3,2013,38.14430556,20922
30,3,2014,78.84805556,20922
30,4,2013,37.40243056,20922
30,4,2014,67.73792398,20922
30,5,2013,64.21951389,20922
30,6,2013,62.15958333,20922
30,7,2013,60.97090278,20922
30,8,2013,32.92368056,20922
30,9,2012,34.96145833,20922
30,9,2013,60.35401652,20922
30,10,2012,34.56763889,20922
30,10,2013,60.65069444,20922
30,11,2012,34.27298611,20922
30,11,2013,65.28319444,20922
30,12,2012,33.3325,20922
30,12,2013,63.72423611,20922
31,1,2013,36.05777778,20922
31,1,2014,78.13130435,20922
31,3,2013,38.11194444,20922
31,3,2014,78.55050725,20922
31,5,2013,64.11165365,20922
31,7,2013,60.94361548,20922
31,8,2013,32.90611111,20922
31,10,2012,34.56444444,20922
31,10,2013,60.71236972,20922
31,12,2012,33.31597222,20922
31,12,2013,63.69388889,20922
 ,,,,
